postgres=# SELECT max_to_min(sal) FROM employees;
  max_to_min  
--------------
 5000 -> 2000
(1 row)

postgres=# SELECT max_to_min(id) FROM employees;
 max_to_min 
------------
 100 -> 1
(1 row)

postgres=# SELECT max_to_min(val) AS result FROM test_table_large;
  result  
----------
 100 -> 1
(1 row)

postgres=# SELECT max_to_min(val) AS result FROM test_table_negative;
  result   
-----------
 -1 -> -10
(1 row)

postgres=# SELECT max_to_min(val) AS result FROM test_table_null;
 result 
--------
 5 -> 1
(1 row)

postgres=#  SELECT max_to_min(val) FROM (VALUES(5),(3),(6),(7),(9),(10),(7)) t(val);
 max_to_min 
------------
 10 -> 3
(1 row)
